vehicle_id,odometer_km,avg_speed_kmh,max_speed_kmh,engine_temp_mean_c,engine_temp_max_c,battery_voltage_mean,battery_voltage_min,vibration_mean_ms2,vibration_max_ms2,brake_pressure_mean,hard_brakes_count,idle_hours,trips_count,failure_label
V0001,298046.0,65.7,104.0,96.8,109.0,11.77,10.5,1.295,1.825,9.93,6,332.9,608,1
V0002,24745.0,60.5,94.6,92.3,98.8,12.77,11.55,0.385,1.328,8.94,5,124.7,520,0
V0003,281333.0,44.8,113.4,93.4,115.0,13.75,12.58,0.689,1.768,7.91,6,107.2,559,0
V0004,325089.0,49.9,114.7,77.1,110.8,13.76,11.56,1.449,2.414,9.78,6,177.5,742,0
V0005,271377.0,54.4,112.5,90.6,109.6,12.86,12.91,0.518,1.629,12.0,9,322.3,416,0
V0006,332957.0,47.3,111.1,102.2,109.7,11.95,10.4,1.812,2.816,7.65,14,320.5,300,1
V0007,294103.0,47.4,133.8,90.3,109.7,12.29,11.58,1.632,3.372,8.19,2,23.0,192,0
V0008,18852.0,55.1,88.9,85.5,97.6,13.1,11.1,1.064,2.053,8.27,9,127.9,650,0
V0009,74615.0,45.3,106.1,87.7,101.4,13.64,12.3,0.429,2.282,10.1,3,174.9,395,0
V0010,48099.0,38.0,126.3,90.6,113.7,13.89,12.82,0.686,0.68,7.04,4,238.4,523,0
V0011,179063.0,41.4,128.5,92.7,112.7,12.97,12.32,1.104,4.631,7.55,3,68.3,472,0
V0012,262090.0,53.0,82.8,96.8,94.2,14.03,13.5,0.961,2.331,5.54,5,140.8,659,0
V0013,222354.0,46.0,101.7,100.6,95.4,12.49,13.24,0.353,1.977,6.11,6,355.4,213,0
V0014,298640.0,49.7,130.1,89.6,105.1,12.65,11.85,0.86,0.889,7.17,4,195.9,178,0
V0015,58548.0,53.4,115.6,88.4,121.3,13.83,11.85,1.023,3.354,7.91,6,300.2,600,0
V0016,258444.0,41.9,110.3,95.5,85.0,14.4,12.48,0.554,4.387,10.83,5,199.1,375,0
V0017,71599.0,54.3,103.3,96.9,106.8,13.7,11.43,1.141,0.685,8.86,5,191.3,661,0
V0018,98412.0,50.2,100.5,88.5,90.2,13.38,13.03,0.219,1.154,6.54,6,252.6,146,0
V0019,249917.0,32.4,111.9,98.3,97.7,12.08,12.39,0.672,1.159,6.84,8,111.2,253,0
V0020,400000.0,61.9,102.7,99.8,100.4,10.59,10.86,1.867,3.21,8.32,8,107.4,940,1
V0021,215983.0,40.5,106.3,116.3,113.9,13.13,11.34,1.471,5.722,8.4,6,526.0,682,0
V0022,23803.0,27.8,108.3,106.2,98.7,13.19,13.48,1.129,2.47,8.05,10,348.9,97,0
V0023,217627.0,34.5,95.5,85.1,104.1,12.74,12.24,0.797,2.047,7.29,5,297.7,662,0
V0024,19611.0,34.8,116.0,92.1,98.6,13.44,12.01,0.638,3.946,9.8,5,63.5,99,0
V0025,360007.0,46.6,156.5,99.0,94.4,12.91,13.31,1.657,5.344,5.13,9,21.8,254,1
V0026,327927.0,43.0,76.8,102.2,120.6,13.48,12.87,1.105,4.103,7.72,6,157.5,978,1
V0027,64729.0,42.3,112.5,86.8,111.5,13.48,11.84,0.502,1.224,11.64,8,375.7,144,0
V0028,36644.0,52.8,94.1,80.1,112.4,14.14,12.1,1.646,2.11,8.33,3,328.4,275,0
V0029,68319.0,49.7,116.8,92.7,88.6,13.4,12.26,1.368,3.99,6.76,8,214.0,151,0
V0030,343109.0,49.5,107.8,85.9,107.0,13.33,12.39,1.259,3.628,8.66,5,387.8,497,0
V0031,163203.0,50.5,120.0,92.7,110.8,14.04,11.01,0.184,3.496,7.25,1,67.2,92,0
V0032,275508.0,52.8,127.0,85.6,93.7,12.81,10.87,0.323,4.232,5.77,5,228.1,265,0
V0033,224561.0,22.8,110.3,83.2,104.1,14.5,11.39,1.185,1.747,9.12,7,81.5,294,0
V0034,202483.0,42.0,126.2,93.9,102.8,13.63,11.33,0.456,2.029,9.79,5,129.5,536,0
V0035,55070.0,22.0,67.1,93.2,122.4,13.63,11.58,0.484,0.691,7.5,10,376.7,422,1
V0036,331378.0,46.4,134.0,96.6,123.2,13.72,12.61,1.425,4.409,7.4,7,348.6,194,0
V0037,108963.0,45.9,113.4,109.5,87.4,14.5,11.96,0.586,3.121,6.46,10,49.7,398,0
V0038,204416.0,57.5,125.3,94.2,128.9,13.88,12.26,0.222,1.842,7.76,6,107.3,394,0
V0039,246423.0,59.1,86.3,95.9,94.8,12.44,11.12,0.162,0.812,7.1,9,241.9,315,0
V0040,228985.0,48.2,92.9,83.4,113.8,14.24,11.73,0.853,3.755,6.38,4,33.9,450,0
V0041,329505.0,40.5,109.5,81.7,113.7,13.2,12.57,1.149,3.869,11.03,6,224.5,294,0
V0042,56211.0,51.3,106.7,104.7,94.0,13.46,12.58,1.577,3.498,8.75,5,238.0,300,0
V0043,243324.0,40.2,111.8,93.6,118.4,12.63,9.74,1.442,1.417,6.63,6,252.8,878,1
V0044,211767.0,46.0,125.4,91.7,116.9,12.83,10.8,0.434,5.932,8.03,14,154.3,238,1
V0045,168588.0,56.8,77.0,91.7,109.5,13.01,13.5,1.001,3.889,9.23,7,99.3,296,0
V0046,46130.0,39.9,123.6,91.3,106.3,13.46,12.09,0.719,3.46,7.34,4,374.9,155,0
V0047,51263.0,54.9,107.1,84.8,116.0,13.23,11.55,0.92,3.429,8.44,5,161.7,573,0
V0048,100936.0,53.5,103.5,89.6,104.8,14.5,11.96,1.671,4.57,7.57,6,238.3,579,0
V0049,110123.0,35.5,82.0,101.8,102.3,14.5,12.17,1.026,4.677,8.7,3,127.6,558,0
V0050,152627.0,56.7,115.6,85.6,115.0,13.43,11.98,0.806,3.18,8.55,3,284.0,176,0
V0051,215791.0,53.7,66.0,80.9,109.8,13.44,12.07,1.782,2.375,7.39,10,49.6,388,0
V0052,223947.0,47.1,118.0,99.5,111.3,13.18,10.95,0.211,2.137,5.87,2,37.9,269,0
V0053,174002.0,37.6,81.6,101.6,97.4,12.62,11.33,2.442,6.545,6.52,9,394.3,692,1
V0054,146030.0,36.5,107.9,87.0,93.5,13.2,11.98,0.953,3.401,7.67,11,293.4,302,0
V0055,80082.0,40.1,105.0,79.3,98.3,13.15,11.97,0.956,0.848,4.98,12,113.4,361,0
V0056,207966.0,52.0,126.9,86.0,97.8,13.99,11.65,1.667,1.14,8.81,5,148.5,390,1
V0057,114379.0,35.5,104.0,91.6,111.9,13.08,11.96,0.962,4.551,9.54,9,383.3,620,0
V0058,17441.0,50.8,95.2,101.3,113.8,13.38,12.15,0.845,4.48,12.0,11,50.7,576,0
V0059,149348.0,32.3,98.4,83.7,102.4,12.45,12.81,0.563,4.783,7.37,7,81.4,664,0
V0060,168576.0,43.8,128.6,91.3,118.3,13.82,12.02,1.22,2.425,7.14,5,177.7,370,0
V0061,82830.0,47.2,116.1,97.4,117.7,14.5,12.42,1.068,4.028,6.22,7,120.0,664,0
V0062,202498.0,72.9,100.4,72.9,123.7,13.83,9.97,1.366,5.172,8.33,12,324.3,703,1
V0063,200191.0,30.8,103.0,100.3,95.8,14.28,12.56,1.306,1.921,8.32,9,279.3,442,0
V0064,247191.0,62.2,80.4,82.5,119.8,12.89,12.4,1.195,1.154,6.7,1,215.3,559,0
V0065,228542.0,47.6,113.6,94.7,103.4,13.54,12.79,0.775,4.987,7.72,9,248.4,732,0
V0066,230089.0,50.5,77.1,94.0,105.3,12.83,12.67,0.107,0.636,4.83,8,179.0,678,0
V0067,114094.0,47.3,119.8,100.7,100.6,13.26,12.57,0.859,3.188,9.48,3,306.6,257,0
V0068,276664.0,50.9,109.2,96.4,95.1,13.86,12.02,0.11,3.426,6.77,4,26.4,587,0
V0069,307992.0,44.3,147.6,78.0,107.3,12.29,10.96,0.627,3.568,7.94,8,211.6,488,1
V0070,180668.0,62.0,88.3,95.7,110.3,11.76,11.51,1.477,1.65,5.08,11,276.9,388,1
V0071,299989.0,41.0,105.3,97.7,104.4,11.9,10.89,0.507,5.102,5.83,7,215.6,328,1
V0072,129427.0,58.5,137.6,90.4,134.6,12.57,11.6,0.569,1.474,7.55,7,40.6,783,0
V0073,181895.0,38.9,127.3,95.8,93.1,13.69,12.25,1.214,4.231,7.98,8,144.6,768,0
V0074,259163.0,45.3,95.2,98.3,91.4,14.5,12.43,0.625,1.486,8.77,5,287.5,639,0
V0075,310809.0,34.2,110.8,96.9,109.1,14.22,11.44,1.796,3.635,10.3,3,57.6,792,0
V0076,322765.0,51.0,107.0,90.3,119.3,12.26,12.04,1.658,4.025,9.17,6,292.6,479,0
V0077,178753.0,61.9,111.8,77.2,104.6,14.25,12.02,1.095,1.35,9.54,7,312.4,618,0
V0078,184495.0,45.1,95.1,88.4,109.7,13.96,10.33,1.744,1.571,10.31,10,257.8,173,0
V0079,280955.0,43.8,105.5,95.3,85.6,12.47,11.92,1.576,4.006,8.91,7,105.3,274,0
V0080,113485.0,33.7,79.8,91.0,110.5,11.83,10.87,0.642,2.981,6.5,7,324.1,179,1
V0081,293897.0,43.5,109.3,97.1,93.3,14.06,11.97,1.374,1.358,9.61,4,93.6,753,0
V0082,175479.0,28.5,114.7,99.3,85.0,13.73,13.23,0.333,2.55,9.72,4,363.3,510,0
V0083,66157.0,36.0,103.1,101.8,105.2,12.61,9.32,1.88,5.27,9.04,14,380.0,881,1
V0084,72135.0,48.5,79.5,77.8,101.2,13.01,10.7,2.026,4.764,4.47,6,169.8,551,1
V0085,295488.0,60.5,123.8,81.8,90.8,12.12,10.01,0.129,2.245,6.65,7,321.7,352,0
V0086,24171.0,76.9,113.2,107.1,98.6,13.27,11.72,0.566,4.903,7.56,5,207.5,556,0
V0087,101811.0,39.5,94.7,87.6,95.7,14.08,11.78,1.724,2.587,9.25,6,186.5,475,0
V0088,120275.0,61.8,102.2,76.1,108.0,13.41,11.69,0.637,2.452,7.97,13,174.0,329,0
V0089,64683.0,48.7,81.5,101.9,107.1,13.1,12.99,0.408,2.352,9.82,9,246.6,288,0
V0090,113293.0,44.3,89.6,92.1,112.9,13.93,12.79,0.419,1.905,10.1,5,292.6,434,0
V0091,261229.0,50.8,97.9,100.8,111.5,13.98,12.16,0.915,1.966,9.92,7,359.4,106,0
V0092,10066.0,46.7,127.9,94.2,115.4,14.19,11.8,1.533,3.595,9.93,3,116.4,190,0
V0093,290375.0,47.2,96.1,95.7,104.0,13.92,12.92,1.389,0.684,6.34,8,256.0,82,0
V0094,300509.0,41.5,117.9,94.9,107.0,14.05,12.08,0.843,3.568,8.77,5,277.7,166,0
V0095,133430.0,30.6,97.8,97.6,109.1,13.84,11.45,0.455,1.405,7.03,5,273.2,198,0
V0096,57996.0,29.0,111.2,110.2,105.4,13.56,10.73,0.178,2.229,5.36,9,202.3,106,0
V0097,212290.0,53.2,104.6,99.8,100.0,13.45,11.75,0.886,1.159,7.54,4,162.5,91,0
V0098,103994.0,43.0,121.8,79.4,111.9,13.26,12.3,1.959,2.987,9.61,7,424.5,960,1
V0099,130897.0,39.4,97.9,95.6,95.8,12.67,13.5,1.34,3.782,8.74,5,127.0,187,0
V0100,400000.0,46.1,80.3,101.1,108.2,11.88,12.15,1.918,4.54,10.03,9,163.3,608,1
V0101,348435.0,54.7,83.5,101.6,103.1,13.23,11.49,1.111,1.235,8.28,11,222.9,123,0
V0102,271376.0,48.0,98.0,88.6,97.4,13.54,11.15,0.842,1.519,11.92,4,114.4,760,0
V0103,112282.0,38.8,85.8,101.3,97.4,13.72,11.36,1.425,4.973,7.55,5,112.2,229,1
V0104,242244.0,59.5,114.0,99.4,91.9,13.37,10.69,0.98,1.704,8.04,6,30.1,612,0
V0105,248365.0,63.4,99.1,112.6,113.8,14.0,12.54,1.258,3.986,5.95,8,281.1,530,0
V0106,138805.0,51.4,147.4,86.0,120.0,14.05,11.04,0.963,2.983,9.78,5,389.5,626,1
V0107,226107.0,56.7,77.5,100.2,111.6,12.08,12.45,2.207,3.714,6.69,12,187.3,799,1
V0108,8701.0,59.7,110.5,89.6,112.1,13.76,11.92,0.828,3.773,6.96,10,67.4,431,0
V0109,77125.0,58.4,87.8,88.1,98.4,13.25,12.55,0.127,2.608,10.05,4,329.1,629,0
V0110,186155.0,52.8,98.6,84.9,89.9,14.19,12.24,0.502,0.641,9.85,5,112.0,661,0
V0111,61494.0,52.6,109.4,70.0,114.2,13.78,11.48,0.951,4.82,9.81,5,398.3,334,0
V0112,62238.0,51.7,67.5,88.5,98.6,12.69,13.5,1.019,1.165,7.42,8,229.7,756,0
V0113,293525.0,33.9,111.0,95.0,99.9,13.5,11.82,1.039,2.09,7.92,9,100.7,790,0
V0114,346251.0,53.7,139.3,88.1,104.4,14.39,12.72,1.315,2.232,7.9,4,203.4,591,0
V0115,196809.0,31.1,99.3,107.5,115.4,13.29,10.17,0.567,2.702,9.25,4,140.8,746,0
V0116,294479.0,37.3,111.4,92.1,104.2,13.67,13.12,1.23,4.034,10.49,6,314.0,129,0
V0117,346661.0,60.3,124.4,102.3,92.0,13.73,13.28,1.297,0.527,8.59,7,51.3,455,0
V0118,53851.0,55.2,104.2,94.1,109.4,12.78,12.12,0.799,4.696,11.16,9,344.2,538,0
V0119,159645.0,62.4,97.1,108.9,110.4,12.93,12.55,1.165,5.168,7.54,10,361.8,745,1
V0120,140438.0,43.0,68.3,94.2,122.9,12.56,12.55,0.404,4.778,7.62,5,345.9,140,0
V0121,32617.0,33.3,117.9,103.0,104.0,13.02,11.59,0.804,4.178,9.33,2,359.0,654,0
V0122,265589.0,43.4,105.1,92.4,85.0,14.05,12.54,1.438,4.675,10.73,2,99.6,107,0
V0123,154654.0,47.1,89.8,96.0,107.6,13.61,11.45,1.645,3.205,11.2,9,213.2,318,0
V0124,166918.0,46.9,109.2,94.9,123.4,13.22,11.61,1.109,2.108,9.9,4,341.5,569,0
V0125,56982.0,58.5,97.1,89.7,119.8,13.67,13.0,0.609,2.493,8.04,7,157.2,268,0
V0126,67420.0,42.0,98.0,95.2,122.3,13.36,12.88,1.26,3.461,7.65,4,33.6,676,0
V0127,338108.0,49.9,117.3,121.2,104.5,12.01,10.41,1.652,2.997,6.56,6,266.1,926,1
V0128,20404.0,35.1,84.2,89.8,113.1,13.79,11.51,0.665,3.793,10.68,5,104.3,169,0
V0129,85334.0,51.0,124.8,95.4,96.8,12.96,11.58,1.505,0.913,8.69,6,349.3,243,0
V0130,105760.0,46.0,83.2,102.1,106.2,13.42,12.69,0.225,4.235,8.73,4,190.9,105,0
V0131,174118.0,37.8,95.7,101.1,91.3,13.21,11.3,0.118,1.419,8.08,6,276.6,582,0
V0132,207324.0,43.4,139.7,92.1,97.6,12.45,12.39,0.309,4.748,7.48,8,385.2,714,0
V0133,175185.0,44.0,126.2,72.9,97.2,12.85,12.7,0.365,1.2,7.74,3,126.7,501,0
V0134,34020.0,43.0,108.7,96.1,113.0,14.34,12.03,1.594,1.081,8.22,6,306.9,149,0
V0135,143616.0,65.5,91.0,74.2,126.5,12.64,11.88,1.678,4.808,9.01,15,118.5,180,1
V0136,296038.0,44.9,98.0,103.8,106.8,12.61,11.86,0.567,4.184,7.62,3,50.6,76,1
V0137,224968.0,43.3,108.2,93.4,90.5,12.48,11.93,0.829,3.824,8.08,5,73.1,417,0
V0138,228956.0,22.9,107.6,100.0,100.9,13.33,11.32,0.771,4.822,6.62,5,131.8,590,0
V0139,236220.0,36.2,105.5,84.8,96.5,14.34,12.91,0.612,1.717,9.15,10,167.2,162,0
V0140,268202.0,43.1,106.5,79.6,112.7,13.29,11.49,0.334,4.22,10.19,7,196.0,685,0
V0141,25047.0,38.5,103.4,94.1,115.8,14.18,12.38,1.215,2.084,10.6,1,105.7,239,0
V0142,187646.0,61.2,82.5,103.2,130.1,13.61,11.27,0.765,4.989,7.63,10,139.2,435,1
V0143,191137.0,44.2,98.2,88.1,96.4,13.68,11.26,1.418,2.505,8.92,5,274.2,550,0
V0144,121767.0,60.2,122.5,92.7,85.0,12.6,11.61,0.443,0.526,7.75,5,19.2,454,0
V0145,296345.0,46.7,83.7,114.1,86.3,13.96,13.21,1.343,3.085,8.84,7,325.7,408,0
V0146,171488.0,46.4,103.8,98.7,118.2,13.2,12.26,1.469,3.864,8.5,3,372.4,302,0
V0147,270177.0,45.0,93.1,100.4,100.0,13.92,11.29,0.313,1.285,8.09,7,287.0,372,0
V0148,298945.0,46.0,108.9,98.8,96.5,12.91,12.34,0.247,4.692,8.22,8,242.4,228,0
V0149,179153.0,64.9,100.4,103.8,120.4,13.51,11.98,1.714,2.887,8.72,7,266.2,270,0
V0150,400000.0,20.5,132.1,95.8,131.4,12.19,12.75,0.887,2.937,7.53,6,356.4,616,1
V0151,207558.0,24.0,115.6,75.6,104.2,13.31,12.33,1.171,3.407,7.61,6,373.4,711,0
V0152,298345.0,40.0,84.7,90.5,101.1,13.64,11.8,0.14,1.364,10.73,10,386.1,686,0
V0153,122504.0,46.2,118.4,98.5,102.7,13.24,13.24,0.574,0.786,12.0,10,176.4,298,0
V0154,177092.0,53.6,93.8,84.2,106.3,13.01,10.63,0.959,3.584,6.07,10,250.7,290,0
V0155,188337.0,51.2,97.2,90.6,120.0,14.36,12.18,1.607,0.998,5.98,5,323.1,93,0
V0156,41218.0,41.8,112.3,86.5,108.2,14.03,13.5,0.561,0.978,6.47,3,10.4,255,0
V0157,142501.0,57.2,98.6,104.0,111.3,12.94,12.01,1.418,3.83,7.83,6,215.5,489,0
V0158,321481.0,57.3,122.2,98.0,115.7,13.74,10.71,1.226,0.748,9.43,6,264.6,250,0
V0159,222637.0,48.0,93.8,97.2,92.3,12.95,11.78,0.296,4.144,8.95,5,289.7,600,0
V0160,66240.0,56.6,96.5,97.0,111.5,12.69,13.26,0.599,4.083,8.28,5,153.8,87,0
V0161,121905.0,49.0,95.8,91.7,101.1,14.02,12.4,0.504,1.136,8.85,9,125.3,358,1
V0162,71103.0,39.8,97.4,93.6,85.0,12.38,11.43,0.852,2.833,6.89,9,81.0,260,0
V0163,13564.0,53.7,125.7,82.5,85.0,13.96,11.55,1.18,0.935,7.61,9,227.5,420,0
V0164,349452.0,47.2,117.7,82.9,103.2,12.35,10.07,2.016,4.977,5.52,9,465.1,69,1
V0165,159632.0,46.0,136.1,93.2,109.3,13.27,12.39,0.516,0.783,5.47,5,359.4,364,0
V0166,111100.0,62.2,145.5,99.5,118.1,13.65,13.17,1.283,7.01,4.71,12,150.4,641,0
V0167,211475.0,19.0,89.5,101.7,105.8,13.75,12.94,1.094,1.435,6.21,6,110.6,692,0
V0168,7523.0,30.4,108.2,104.6,123.5,12.9,12.46,0.983,3.573,9.22,4,317.6,241,0
V0169,100918.0,32.9,87.0,104.6,91.3,13.83,11.03,1.043,1.077,8.39,6,292.7,371,0
V0170,247547.0,42.0,93.8,84.0,103.7,13.47,11.04,0.477,1.443,8.98,6,207.1,567,0
V0171,223651.0,43.2,96.3,89.2,107.0,12.65,12.53,1.257,2.529,5.06,7,161.7,397,0
V0172,400000.0,29.4,89.0,107.1,112.6,12.86,11.02,0.759,4.061,4.91,11,166.9,594,1
V0173,219023.0,35.2,89.1,112.3,104.3,14.23,11.92,0.718,4.995,9.06,9,316.2,306,0
V0174,169740.0,36.5,104.5,103.8,88.0,14.41,12.34,0.355,0.617,3.55,3,250.8,678,0
V0175,267694.0,73.0,86.3,101.0,118.1,13.83,11.19,1.115,0.501,9.96,4,157.0,523,0
V0176,400000.0,65.8,121.3,94.6,103.3,11.91,11.28,1.467,2.898,3.14,5,424.0,992,1
V0177,253640.0,41.5,91.4,84.9,124.3,13.69,12.02,0.679,2.148,9.35,6,267.3,634,0
V0178,337308.0,42.0,154.8,98.3,103.7,13.91,12.5,1.562,4.477,6.58,9,372.4,325,0
V0179,358665.0,33.4,99.3,89.0,114.3,13.84,11.63,1.857,6.334,9.68,11,294.9,405,1
V0180,304046.0,25.0,108.2,90.1,103.5,13.87,12.59,0.285,4.462,12.0,6,187.3,116,0
V0181,44366.0,44.7,85.0,91.1,103.7,13.62,12.16,1.282,1.144,4.36,5,375.5,516,0
V0182,257683.0,35.0,136.0,104.7,98.2,13.36,11.5,0.77,2.354,9.11,5,384.3,612,0
V0183,156831.0,45.1,126.0,89.2,105.2,13.03,11.24,1.8,3.856,5.11,9,384.7,315,0
V0184,195821.0,28.4,112.0,72.5,107.2,12.26,11.69,0.483,1.907,8.68,6,329.4,65,0
V0185,230665.0,37.6,84.1,100.2,101.0,13.6,12.43,0.577,5.749,5.61,13,190.3,669,1
V0186,339586.0,47.6,110.6,86.4,102.7,13.51,12.37,0.852,1.567,8.21,3,92.0,217,0
V0187,344679.0,50.0,87.9,92.3,97.9,13.73,10.42,0.557,1.955,6.54,8,159.5,486,0
V0188,104439.0,50.6,131.9,91.3,127.0,12.6,11.47,1.276,4.372,9.25,6,375.9,89,0
V0189,258145.0,31.5,120.8,89.8,103.1,13.79,13.06,0.918,1.627,5.68,4,151.8,97,0
V0190,263744.0,55.4,108.6,98.3,119.5,14.5,12.16,0.475,4.839,9.99,4,305.1,723,0
V0191,124540.0,37.2,65.6,79.7,111.8,12.38,10.97,0.961,2.909,5.6,9,476.4,825,1
V0192,47735.0,53.0,90.3,87.9,106.6,13.36,13.5,1.611,0.606,5.76,6,388.5,53,0
V0193,19127.0,45.9,118.7,97.5,90.8,13.59,12.08,1.447,1.647,10.55,4,379.6,125,0
V0194,273183.0,30.9,127.6,87.1,99.5,14.5,12.41,0.948,1.27,7.89,6,226.5,419,0
V0195,173946.0,42.5,125.9,79.1,106.1,12.79,12.42,0.59,2.781,11.05,6,201.8,560,0
V0196,345011.0,50.0,79.9,97.3,119.9,13.52,11.81,0.406,1.007,9.95,9,395.2,367,0
V0197,165416.0,52.7,112.1,101.0,106.2,12.92,11.52,1.593,3.317,6.72,9,95.1,704,0
V0198,342381.0,44.4,124.3,91.6,117.8,13.07,13.5,1.307,4.437,7.86,6,83.1,539,0
V0199,146994.0,62.8,78.8,76.3,110.4,13.37,12.9,1.073,2.131,8.19,4,385.6,510,0
V0200,331059.0,57.1,106.9,103.9,120.3,13.72,11.55,2.091,3.121,8.72,9,374.5,267,1
V0201,34263.0,43.2,111.7,78.7,103.4,14.48,12.56,0.307,2.3,8.7,6,219.2,561,0
V0202,196634.0,54.3,101.9,103.2,134.7,13.67,9.53,1.606,4.842,8.28,7,113.1,940,1
V0203,281711.0,67.3,75.5,84.9,99.1,13.17,13.12,0.468,3.162,7.68,6,210.2,86,0
V0204,324022.0,67.6,101.5,82.7,96.3,14.5,11.43,0.305,0.955,7.92,7,378.2,600,0
V0205,288791.0,32.5,101.4,88.5,91.9,13.14,12.33,0.892,2.917,10.09,3,245.1,709,0
V0206,17755.0,35.8,104.5,90.5,127.3,13.06,10.79,0.759,2.606,8.01,7,167.8,374,0
V0207,133582.0,62.3,97.4,86.8,112.2,12.34,10.47,1.7,1.972,7.37,13,224.9,624,0
V0208,21801.0,34.4,99.5,103.4,112.2,14.24,10.86,1.492,0.996,7.1,13,355.6,318,1
V0209,134323.0,31.5,106.3,100.0,121.0,13.33,11.05,1.485,7.218,6.31,9,450.9,398,1
V0210,237980.0,40.7,114.5,99.8,110.9,14.5,10.51,1.373,1.292,5.76,7,166.0,661,1
V0211,251074.0,50.6,101.8,94.2,123.7,11.43,11.8,1.235,1.367,4.64,10,343.3,283,1
V0212,271934.0,44.9,100.0,86.4,88.5,14.27,13.5,1.665,1.155,10.4,9,118.9,617,1
V0213,303583.0,38.8,108.6,85.1,101.3,13.44,13.21,0.793,3.066,7.67,2,185.9,286,0
V0214,260104.0,38.6,74.3,78.8,99.4,13.88,11.89,0.762,2.497,9.13,5,95.8,349,0
V0215,366530.0,38.2,115.1,107.7,100.5,11.21,11.29,0.374,2.172,4.03,10,328.0,563,1
V0216,21892.0,36.3,107.0,89.2,114.6,14.28,12.81,0.569,2.432,8.91,11,235.5,306,0
V0217,85915.0,71.1,107.7,73.0,101.3,13.87,13.0,1.596,3.531,7.74,4,141.8,655,1
V0218,219555.0,49.3,123.3,87.7,111.4,13.38,11.83,0.906,1.768,7.23,7,116.1,79,0
V0219,301053.0,55.8,73.8,84.8,127.6,13.79,12.13,0.68,4.619,8.29,5,68.9,58,0
V0220,44147.0,40.6,73.4,104.6,100.5,12.94,10.82,0.959,3.928,7.21,6,64.4,388,1
V0221,182547.0,44.0,111.7,78.4,99.8,13.05,12.54,0.924,1.392,4.6,4,287.5,242,0
V0222,238664.0,38.2,106.9,80.5,105.2,13.12,11.99,1.318,4.796,9.48,6,96.4,90,0
V0223,15215.0,16.8,109.9,100.9,113.9,12.29,12.0,0.587,4.148,8.39,5,56.0,335,1
V0224,143468.0,30.8,99.1,102.9,98.3,13.92,13.2,1.388,2.044,7.5,6,399.6,68,0
V0225,313994.0,26.1,118.3,86.0,97.7,14.11,13.07,1.171,4.286,6.45,8,111.4,617,0
V0226,236706.0,21.3,122.9,86.9,114.6,12.98,12.48,1.439,2.835,5.65,11,359.5,164,0
V0227,86992.0,32.9,115.2,96.9,107.8,13.61,13.48,0.527,2.06,8.36,4,247.6,779,0
V0228,299209.0,60.6,102.6,73.4,85.0,13.24,11.79,1.173,4.278,10.58,5,288.9,692,0
V0229,125071.0,45.5,71.2,77.1,91.7,13.6,13.4,0.361,3.885,8.33,5,228.8,570,0
V0230,299404.0,60.2,120.1,89.8,119.0,13.02,12.53,0.718,1.84,5.79,8,80.5,648,0
V0231,108136.0,50.5,127.8,104.4,108.0,12.87,13.5,1.331,3.23,8.36,6,340.4,631,1
V0232,208660.0,54.6,118.0,88.5,96.4,14.03,11.15,1.174,2.162,7.91,8,332.9,684,0
V0233,228862.0,36.1,92.0,96.9,116.2,13.36,10.33,1.132,1.73,8.32,7,266.2,712,1
V0234,99815.0,51.8,118.5,101.1,104.1,14.5,12.44,1.559,4.828,8.97,8,307.9,517,1
V0235,310862.0,54.0,121.6,108.9,111.4,13.43,12.42,0.191,2.973,3.22,7,221.8,401,0
V0236,69720.0,39.7,133.5,87.4,90.4,12.84,13.5,1.112,3.193,8.87,6,364.5,518,0
V0237,34260.0,52.2,92.1,91.9,95.6,14.14,11.57,1.772,3.2,6.39,7,323.1,336,0
V0238,122965.0,52.2,103.2,106.6,106.7,13.78,12.82,1.004,2.978,5.73,9,26.0,142,0
V0239,252586.0,40.0,119.7,79.8,103.0,13.84,13.03,1.461,1.805,7.7,7,352.9,748,0
V0240,283564.0,33.6,108.0,100.2,109.7,14.11,12.66,1.112,4.872,8.66,6,387.7,574,0
V0241,349566.0,33.0,88.0,83.9,91.7,13.01,11.33,1.431,3.298,5.37,6,299.4,578,0
V0242,107245.0,47.0,114.0,92.8,107.6,13.32,13.23,1.215,3.519,9.13,3,56.8,260,0
V0243,145740.0,49.6,116.8,90.1,114.9,13.3,13.08,1.275,2.547,9.22,9,324.9,628,0
V0244,145901.0,37.3,108.5,90.0,114.3,11.69,10.98,0.487,3.089,8.08,15,317.3,565,1
V0245,203331.0,46.3,110.7,84.1,105.4,13.24,12.26,1.361,0.79,6.61,9,142.1,107,0
V0246,349165.0,52.3,102.6,94.2,103.0,14.2,12.28,0.504,2.076,6.43,4,354.8,766,0
V0247,246804.0,52.8,132.1,100.0,95.7,13.54,12.04,1.767,1.292,9.64,6,230.6,793,0
V0248,210348.0,63.1,91.7,91.0,103.3,12.59,12.61,0.487,3.479,5.58,4,342.6,702,0
V0249,140367.0,60.0,97.0,92.6,116.6,12.47,12.12,0.502,4.456,9.7,6,271.3,406,0
V0250,320778.0,35.0,107.2,96.6,102.8,14.4,11.42,1.56,1.862,7.74,6,122.5,224,1
V0251,245377.0,64.5,121.9,84.2,110.9,12.93,10.04,1.405,4.098,7.3,7,390.3,58,1
V0252,51357.0,40.2,81.5,97.9,99.1,13.01,11.5,0.714,3.517,5.27,6,232.7,602,0
V0253,131056.0,57.5,84.7,98.6,106.0,13.24,12.28,1.315,1.172,7.77,5,211.5,718,0
V0254,28173.0,46.7,72.4,112.8,100.3,12.51,12.08,0.37,4.682,8.98,6,167.4,128,0
V0255,74683.0,41.5,107.6,89.0,108.9,14.25,12.27,0.37,2.137,5.86,7,63.2,563,0
V0256,11096.0,26.1,88.0,88.3,109.2,13.16,12.5,0.927,0.955,8.8,7,277.6,70,0
V0257,161382.0,44.1,100.5,98.2,112.9,14.22,11.6,0.514,1.286,8.14,5,178.0,632,1
V0258,277953.0,28.8,118.2,106.7,118.2,12.46,13.27,0.501,4.697,5.34,8,484.8,71,1
V0259,123436.0,56.6,96.1,87.7,114.0,14.26,11.89,0.116,1.612,9.37,8,386.4,781,0
V0260,150032.0,62.7,110.9,88.8,94.7,13.55,11.75,0.73,3.48,4.48,5,309.4,177,0
V0261,335927.0,37.2,101.9,96.3,95.0,13.91,12.49,0.641,1.203,8.55,9,104.6,350,0
V0262,264427.0,49.3,118.4,85.4,103.2,13.83,10.63,0.153,1.373,10.59,11,289.2,571,0
V0263,191596.0,38.0,115.1,88.7,99.5,13.77,11.47,1.156,4.457,10.3,7,18.0,684,0
V0264,103167.0,39.1,95.2,92.7,92.6,13.61,12.88,1.165,1.166,8.62,9,332.3,322,0
V0265,314464.0,54.5,104.1,100.0,99.6,13.26,10.71,0.22,0.584,7.52,5,202.5,785,0
V0266,86109.0,45.6,124.7,87.2,99.3,14.5,12.99,0.639,2.756,6.98,8,375.3,61,0
V0267,117243.0,65.1,113.7,77.3,97.3,12.86,13.31,1.584,4.382,7.52,5,157.3,403,1
V0268,318627.0,40.7,83.3,76.7,100.8,13.4,11.8,1.09,1.967,8.87,5,112.6,791,0
V0269,187692.0,57.0,118.1,81.9,115.8,13.41,12.33,0.8,1.077,6.71,3,398.1,255,1
V0270,261100.0,47.1,88.6,81.5,106.0,13.64,13.0,0.891,4.92,9.21,13,217.0,450,0
V0271,208807.0,54.8,131.0,90.8,128.7,13.14,11.73,0.454,3.545,11.41,4,346.6,383,0
V0272,230437.0,41.1,124.4,82.5,105.7,13.59,12.79,1.48,4.328,7.9,5,365.3,345,0
V0273,144943.0,45.5,111.9,86.4,106.8,12.05,11.56,2.626,3.885,4.55,10,270.5,768,0
V0274,88273.0,44.7,109.7,85.8,104.0,12.45,11.72,1.648,3.642,5.85,8,187.7,439,0
V0275,116260.0,36.8,103.4,88.5,106.6,13.41,11.46,0.481,2.231,9.24,2,225.6,585,0
V0276,58627.0,53.3,118.5,102.6,108.4,12.74,12.37,0.628,1.96,7.9,6,340.6,439,0
V0277,306638.0,53.2,100.7,97.3,124.8,12.36,13.03,0.373,3.726,9.4,9,386.2,798,0
V0278,102720.0,52.5,111.0,92.1,95.5,13.48,11.95,0.622,3.725,7.15,6,138.0,402,0
V0279,247710.0,62.9,121.8,101.1,130.3,12.59,10.36,0.666,5.905,7.73,11,341.8,774,1
V0280,278231.0,61.9,97.4,88.5,106.1,13.72,11.23,1.176,3.059,7.75,6,121.3,509,0
V0281,275419.0,41.9,96.5,94.6,88.3,13.74,12.42,0.422,1.826,6.83,2,248.3,651,0
V0282,156243.0,50.1,86.7,96.7,111.7,12.24,13.5,1.663,2.703,7.36,11,323.9,714,0
V0283,169309.0,39.1,88.9,84.7,116.7,12.58,12.41,0.275,3.262,6.08,7,355.7,219,0
V0284,348172.0,46.3,75.9,92.3,95.4,14.5,11.79,0.112,2.42,11.18,11,185.0,276,0
V0285,237736.0,39.4,119.4,75.7,103.9,12.77,12.71,1.553,4.06,7.85,4,154.2,276,0
V0286,286050.0,63.8,137.8,93.7,86.7,13.77,11.91,1.296,3.131,9.03,4,108.8,415,0
V0287,316381.0,50.0,131.2,98.1,91.4,12.99,11.8,0.704,0.542,7.14,7,62.0,418,0
V0288,373101.0,43.6,79.4,98.4,118.8,12.57,10.29,1.848,3.773,5.21,12,152.3,129,1
V0289,68887.0,59.1,119.3,106.5,99.3,13.02,13.23,0.48,3.351,7.63,5,350.1,721,0
V0290,198949.0,22.1,131.2,85.0,92.9,13.74,10.07,0.386,4.619,9.76,4,173.3,694,0
V0291,40153.0,23.8,99.2,93.7,106.3,13.48,12.74,0.901,2.362,7.17,4,133.7,500,1
V0292,230258.0,54.8,108.7,91.7,98.8,13.13,11.73,0.7,3.085,6.61,8,298.3,279,0
V0293,334596.0,46.7,72.9,91.2,99.3,12.77,11.77,1.146,2.637,8.25,5,94.1,669,0
V0294,181893.0,48.8,111.5,91.1,111.4,13.56,13.45,0.471,2.892,8.8,2,110.0,253,0
V0295,154376.0,31.4,88.9,92.9,92.4,12.67,11.53,1.227,0.803,10.63,5,375.0,279,0
V0296,17366.0,45.7,110.4,98.8,94.9,13.66,11.56,1.404,4.538,8.57,4,41.8,798,0
V0297,336122.0,68.0,80.5,103.0,105.5,14.5,12.0,0.383,4.597,9.03,8,171.7,742,0
V0298,40536.0,55.1,116.2,92.0,113.7,14.21,12.43,0.175,2.966,9.15,5,234.9,488,0
V0299,19172.0,47.9,124.4,98.5,116.4,13.83,11.75,0.847,3.004,6.16,6,99.8,176,0
V0300,150833.0,41.2,93.7,92.0,110.1,11.82,10.84,2.335,2.634,4.08,11,119.6,329,1
V0301,27608.0,41.7,87.7,98.1,113.4,12.24,11.41,1.206,3.191,6.27,7,96.5,773,0
V0302,252287.0,22.6,70.3,93.9,102.6,12.61,11.22,2.191,3.569,5.87,12,293.6,249,1
V0303,183050.0,48.8,102.5,100.7,122.3,14.17,12.16,0.785,3.691,9.27,3,360.4,561,0
V0304,112837.0,55.3,97.1,109.7,92.7,12.93,12.46,0.499,0.712,8.46,3,178.3,314,0
V0305,22581.0,28.7,80.6,91.0,117.3,12.98,11.89,1.004,3.699,8.13,3,173.0,422,0
V0306,43502.0,38.7,114.7,74.5,97.4,13.3,11.57,0.447,1.791,3.85,5,160.8,789,0
V0307,231663.0,33.3,99.4,87.6,138.2,11.32,13.44,2.205,5.666,11.29,9,434.9,751,1
V0308,25882.0,35.4,88.7,101.9,109.9,12.66,11.95,0.435,3.322,6.57,5,55.7,372,0
V0309,245875.0,46.6,97.6,96.4,93.8,13.37,11.75,0.595,1.521,11.28,2,350.0,361,0
V0310,76422.0,23.1,125.2,94.0,98.8,12.87,12.98,0.961,2.482,5.68,6,137.6,222,0
V0311,109215.0,52.8,117.2,100.1,111.8,12.96,11.52,0.927,4.26,6.7,6,383.0,467,0
V0312,140973.0,54.3,104.8,95.9,114.5,12.93,11.62,1.121,3.225,4.48,8,132.9,477,0
V0313,148730.0,43.2,117.5,101.7,103.3,13.71,12.11,0.844,0.809,8.58,10,42.3,121,0
V0314,5573.0,18.7,87.3,99.4,104.4,13.26,12.1,1.663,2.493,6.24,5,212.8,353,0
V0315,43664.0,35.0,107.6,104.2,111.6,13.29,12.31,1.528,1.903,6.28,4,98.9,533,0
V0316,302654.0,59.6,109.5,94.9,105.3,13.76,13.5,1.594,3.387,5.8,7,303.7,91,1
V0317,5425.0,15.4,99.0,99.2,91.1,13.31,12.37,1.17,3.266,9.24,10,266.3,782,0
V0318,180318.0,42.2,114.4,89.5,95.9,13.23,10.2,1.18,0.547,9.14,10,277.7,695,0
V0319,173878.0,33.0,93.7,87.2,106.4,13.68,12.36,1.136,3.235,10.9,7,85.5,527,0
V0320,119917.0,54.9,115.7,105.7,116.2,13.8,12.13,0.839,3.807,6.9,5,286.4,61,0
V0321,153808.0,38.6,116.4,93.7,120.2,13.31,12.13,0.648,3.959,8.35,18,131.4,438,1
V0322,274300.0,50.4,60.0,98.4,111.8,13.45,12.3,1.106,0.765,5.94,6,399.5,723,0
V0323,295215.0,52.2,127.2,93.0,106.9,12.93,12.08,0.143,1.866,7.46,5,295.4,67,0
V0324,94820.0,66.2,60.0,87.3,111.5,12.88,12.06,0.113,2.396,7.17,4,240.3,643,1
V0325,116259.0,43.8,96.5,92.1,97.3,13.86,12.59,1.548,1.309,8.74,8,348.2,679,0
V0326,88657.0,50.1,124.4,103.5,102.5,13.67,11.67,0.179,2.393,9.63,7,239.8,106,0
V0327,170553.0,29.7,101.6,96.4,95.8,13.67,11.34,0.992,0.82,9.59,5,225.6,222,0
V0328,240724.0,59.1,82.1,78.3,91.5,13.57,13.5,1.145,1.009,6.65,5,102.6,592,0
V0329,83747.0,37.6,88.4,90.3,107.3,13.43,11.53,0.437,3.509,9.6,5,274.5,733,0
V0330,119104.0,39.8,124.5,106.3,105.9,13.82,12.18,1.623,1.682,7.93,6,156.1,628,0
V0331,325983.0,45.8,74.3,90.3,110.9,13.96,10.9,0.423,3.701,7.48,3,26.8,444,0
V0332,21756.0,28.8,126.2,77.6,109.5,13.95,12.19,1.604,0.716,6.87,6,328.3,501,0
V0333,163966.0,48.5,106.1,107.1,106.4,13.34,11.35,1.397,3.032,7.1,5,30.2,443,0
V0334,250488.0,56.6,86.7,97.5,109.6,14.23,11.75,0.509,2.262,10.79,7,272.2,483,1
V0335,56907.0,49.2,97.1,96.4,108.6,12.2,11.47,0.938,6.424,7.29,10,71.1,627,1
V0336,21344.0,28.5,89.7,89.0,108.1,13.78,12.48,0.638,4.028,8.28,4,178.7,87,0
V0337,52681.0,44.6,121.7,100.7,96.7,13.57,12.55,0.777,2.19,7.58,8,345.0,207,0
V0338,321994.0,54.2,119.5,87.7,107.7,13.55,10.68,0.518,3.302,11.91,5,46.8,94,0
V0339,8195.0,25.3,77.8,101.2,110.7,12.96,13.5,1.798,1.524,10.09,4,270.2,647,0
V0340,69971.0,34.2,100.1,96.3,97.3,13.82,11.15,0.49,3.112,6.85,6,248.9,595,0
V0341,15793.0,55.6,92.3,94.0,104.5,14.5,13.32,1.512,0.866,7.56,8,348.3,89,0
V0342,43167.0,49.0,129.0,93.2,97.8,13.18,12.92,0.371,2.456,7.66,6,77.4,129,0
V0343,218952.0,50.5,84.0,90.6,98.7,13.44,12.56,1.766,1.322,8.23,7,321.9,248,1
V0344,88365.0,66.5,134.3,106.7,92.8,13.13,10.77,0.483,6.673,6.37,4,185.5,231,1
V0345,282459.0,51.2,106.4,89.3,127.2,12.61,10.68,1.253,2.502,6.64,15,322.8,439,1
V0346,280460.0,53.2,87.2,84.1,114.7,13.82,11.31,1.405,4.132,8.17,5,208.6,689,1
V0347,298055.0,75.8,95.5,96.9,109.4,13.0,12.12,0.304,2.122,5.9,8,160.4,318,0
V0348,6636.0,43.6,93.4,97.0,123.7,13.12,11.9,1.489,1.799,6.19,2,212.8,173,1
V0349,339194.0,37.2,85.3,109.2,110.0,10.95,9.02,1.112,3.699,6.61,9,51.7,832,1
V0350,218596.0,50.7,108.6,95.3,134.3,12.95,13.0,1.034,4.603,7.3,14,175.8,642,0
V0351,61147.0,50.8,86.1,89.4,101.7,12.37,12.04,1.034,4.098,11.2,6,264.3,530,0
V0352,271663.0,40.2,69.9,98.3,106.6,13.78,11.71,1.124,1.1,9.6,4,204.3,655,0
V0353,300145.0,34.6,100.5,91.6,100.0,14.5,11.65,0.194,3.86,9.51,4,74.7,735,0
V0354,92721.0,71.4,76.4,88.1,107.7,13.18,12.39,0.387,2.383,7.58,5,151.6,681,0
V0355,321984.0,49.6,94.2,89.5,112.4,12.4,11.38,0.374,0.569,7.54,12,182.8,538,0
V0356,161788.0,37.9,91.5,108.2,102.9,13.94,10.3,0.613,2.878,5.68,6,270.9,87,0
V0357,213181.0,56.1,92.2,78.1,121.8,12.96,12.43,0.346,1.085,9.25,6,361.3,300,0
V0358,344704.0,44.8,141.0,96.0,106.4,14.18,12.52,1.667,1.445,8.79,4,224.6,370,0
V0359,129730.0,43.2,108.0,78.6,119.3,13.23,11.28,0.972,5.038,10.06,4,320.5,584,1
V0360,285540.0,52.2,111.2,91.1,94.9,13.02,11.18,1.16,1.657,7.66,6,40.1,685,0
V0361,114848.0,31.8,76.8,88.5,108.2,13.29,12.17,0.708,4.513,7.77,7,382.2,530,0
V0362,280729.0,49.9,95.9,75.3,102.7,13.85,10.93,0.57,3.457,8.27,10,132.9,322,0
V0363,212253.0,67.0,110.7,95.1,97.9,13.26,11.28,0.955,4.245,9.43,8,148.2,640,0
V0364,79643.0,51.1,89.6,89.0,96.2,13.1,11.5,0.6,3.268,5.65,9,96.9,571,0
V0365,147839.0,41.9,122.4,75.2,130.7,13.28,12.78,0.684,4.41,9.18,5,43.0,648,0
V0366,114584.0,40.4,86.6,98.7,101.4,12.64,11.81,0.87,2.128,7.97,6,318.1,491,0
V0367,148374.0,41.5,102.1,116.6,89.4,12.2,11.74,0.96,2.971,4.48,7,225.2,671,1
V0368,15293.0,43.2,97.0,103.9,97.0,12.33,13.5,1.773,2.822,4.66,7,120.2,310,0
V0369,124535.0,41.8,109.8,94.9,103.5,13.13,12.38,0.48,4.567,7.78,5,80.9,349,0
V0370,11567.0,56.1,96.1,92.4,109.5,13.86,12.37,0.93,1.242,10.32,5,390.2,257,0
V0371,62093.0,26.9,102.4,102.6,109.5,13.58,11.8,0.354,3.101,10.68,3,314.6,242,0
V0372,321837.0,55.5,103.0,111.3,110.8,12.8,10.33,0.695,6.049,7.78,9,404.2,539,1
V0373,249291.0,41.8,94.5,101.1,97.6,13.36,10.35,1.319,2.165,11.14,10,346.1,337,0
V0374,259810.0,50.1,115.2,84.5,107.4,14.1,12.87,0.397,4.404,7.93,5,363.5,150,1
V0375,114418.0,33.6,111.1,93.6,95.2,13.95,12.46,1.088,2.179,9.53,6,196.8,76,0
V0376,312057.0,60.6,105.5,95.5,97.8,13.67,11.96,0.808,1.28,7.28,4,76.5,695,0
V0377,209872.0,59.7,99.7,77.5,94.8,13.96,11.99,0.188,3.128,7.18,5,137.5,376,0
V0378,48479.0,56.6,120.5,95.8,92.1,13.85,12.69,1.686,2.393,6.92,9,124.1,482,0
V0379,54583.0,29.3,103.0,110.2,114.6,13.14,10.86,0.803,0.568,4.7,9,289.7,728,0
V0380,244118.0,55.1,101.8,97.1,110.9,12.59,11.63,1.433,0.814,10.06,7,20.0,133,0
V0381,64666.0,50.5,108.8,103.8,113.8,13.65,11.19,0.808,1.379,6.97,7,65.4,753,0
V0382,180016.0,28.3,135.8,93.5,104.4,13.73,13.5,1.694,3.962,6.72,10,276.3,577,0
V0383,400000.0,45.7,84.2,103.8,119.8,13.15,11.8,0.594,5.57,6.11,14,58.1,580,1
V0384,6383.0,50.0,120.1,95.1,86.4,12.84,10.34,0.801,2.955,7.67,6,28.8,373,0
V0385,10720.0,52.1,74.8,85.5,112.6,12.86,10.89,1.39,0.975,10.82,7,52.6,579,0
V0386,347614.0,47.9,110.7,84.3,105.8,13.68,11.99,0.684,2.905,11.35,7,279.4,203,0
V0387,326500.0,49.2,133.8,109.1,122.0,12.25,10.57,1.433,5.088,4.36,10,124.0,574,1
V0388,48784.0,62.2,115.3,103.0,107.8,12.27,11.04,1.791,3.873,7.43,4,67.1,770,0
V0389,314569.0,59.5,109.9,84.1,94.1,13.63,13.5,1.045,1.81,6.35,8,99.8,256,0
V0390,308731.0,14.5,97.5,99.7,89.0,12.29,12.35,1.272,1.058,9.58,7,302.9,589,0
V0391,189989.0,42.5,107.5,91.3,96.9,12.83,12.48,1.194,4.553,8.46,5,88.1,747,0
V0392,219518.0,44.2,102.7,94.7,109.6,14.21,11.55,1.507,4.343,6.98,3,23.8,494,0
V0393,167869.0,26.7,93.6,100.3,110.9,14.49,11.78,1.565,2.491,7.58,16,477.8,273,1
V0394,22429.0,47.0,102.1,100.0,90.3,12.67,11.8,1.058,4.207,7.24,2,351.8,686,0
V0395,210126.0,59.7,110.4,92.7,94.2,13.2,11.87,0.601,0.937,10.58,5,82.1,669,0
V0396,106691.0,34.0,94.0,103.3,96.8,13.43,12.59,0.139,0.785,8.88,9,113.5,457,0
V0397,233949.0,49.7,93.3,94.5,100.4,14.47,10.8,1.144,3.914,9.07,10,83.5,136,0
V0398,293505.0,35.9,83.9,97.0,90.4,13.1,13.38,1.503,2.913,3.73,6,290.6,381,0
V0399,103701.0,38.6,113.6,97.2,89.8,12.26,10.32,1.324,4.046,5.66,6,139.4,373,1
V0400,210521.0,62.3,116.3,109.3,95.8,14.33,13.12,0.38,4.567,11.33,4,373.3,192,0
V0401,84792.0,40.0,110.9,95.8,104.9,13.18,11.24,0.59,4.277,10.12,12,332.8,351,0
V0402,306492.0,51.1,123.4,97.7,92.2,13.83,11.36,0.967,0.759,5.04,7,239.5,165,0
V0403,92514.0,25.4,108.5,79.1,102.8,12.51,11.17,1.522,3.272,7.5,9,13.5,569,0
V0404,215716.0,66.5,113.7,85.4,114.6,13.3,12.3,0.392,3.975,6.08,3,354.6,373,1
V0405,195972.0,52.6,112.2,101.9,91.0,12.4,12.15,1.141,2.977,10.74,7,293.8,597,0
V0406,226056.0,44.0,105.4,98.0,112.1,11.25,10.86,2.102,4.924,8.39,7,403.1,637,1
V0407,238779.0,52.3,98.0,76.7,114.2,13.9,11.29,1.691,3.587,6.77,8,38.0,585,0
V0408,255391.0,30.5,144.6,100.3,99.8,13.37,11.09,0.298,0.969,8.05,6,286.3,599,0
V0409,200594.0,59.0,99.3,87.6,98.3,13.21,12.06,1.675,1.392,3.83,4,323.8,170,0
V0410,266656.0,42.4,95.7,103.3,115.6,12.95,11.73,1.122,4.218,6.26,4,383.1,381,0
V0411,388005.0,43.8,114.4,91.3,117.4,12.66,10.28,2.336,4.985,5.99,5,350.0,612,1
V0412,149649.0,40.6,111.3,93.6,115.0,13.58,13.34,0.191,0.943,9.35,8,208.1,494,0
V0413,182531.0,39.6,83.1,101.4,108.3,13.99,12.03,0.96,0.951,4.89,12,175.9,216,0
V0414,9302.0,53.6,126.1,84.8,100.6,11.82,13.12,1.158,3.935,7.39,2,283.5,674,0
V0415,279630.0,48.8,105.4,84.1,108.8,12.9,11.67,0.622,0.79,9.62,8,369.1,199,0
V0416,184479.0,53.2,88.1,90.4,107.2,13.5,12.3,0.834,0.809,5.68,5,243.9,795,0
V0417,170456.0,45.9,127.2,110.6,122.9,11.84,12.06,1.641,4.5,6.42,12,134.2,666,1
V0418,37455.0,51.6,117.6,81.4,98.5,13.64,10.74,1.039,4.102,8.11,4,16.9,291,0
V0419,377267.0,41.4,85.5,88.4,113.7,11.97,11.78,0.171,5.667,8.26,6,389.1,256,0
V0420,141277.0,70.5,137.2,98.6,103.4,13.22,11.99,0.847,3.427,7.63,7,347.2,726,0
V0421,240491.0,28.8,118.2,87.2,111.0,13.08,12.7,0.463,1.951,7.73,9,35.7,442,0
V0422,56534.0,59.9,106.8,88.9,93.7,13.25,11.5,1.658,4.578,9.37,4,165.1,654,0
V0423,336735.0,61.0,134.0,77.1,114.2,14.09,11.97,1.76,1.844,5.88,4,376.6,673,0
V0424,66562.0,36.6,109.7,86.6,108.7,12.96,11.41,0.609,1.74,7.65,4,205.7,101,0
V0425,73842.0,70.5,106.5,91.9,90.8,13.36,13.09,0.398,4.489,7.27,5,96.1,562,0
V0426,301349.0,57.0,95.8,99.4,116.1,13.51,12.35,0.473,3.564,7.78,5,147.9,300,1
V0427,319841.0,56.7,116.9,85.8,126.3,14.34,12.39,0.912,4.531,9.36,4,169.2,730,1
V0428,78191.0,46.3,115.1,105.3,114.0,13.22,13.19,1.587,1.202,8.89,7,55.7,214,0
V0429,167081.0,43.6,107.2,86.5,118.3,13.98,13.03,0.95,4.785,6.8,6,267.7,75,0
V0430,258056.0,43.7,93.6,86.5,104.9,14.14,12.71,0.194,3.257,8.22,7,240.9,548,0
V0431,308036.0,50.3,109.2,104.3,87.4,13.36,10.96,0.168,3.506,10.38,9,262.6,464,0
V0432,135773.0,61.4,105.8,93.7,85.6,13.27,11.54,0.487,4.613,6.67,2,248.2,466,1
V0433,183372.0,48.0,84.3,87.6,106.6,13.2,11.3,1.533,2.213,8.23,9,16.5,247,0
V0434,260892.0,36.0,82.0,90.8,98.1,13.25,12.68,1.157,3.738,7.69,7,78.0,421,0
V0435,257242.0,55.1,116.6,102.8,94.9,13.91,12.24,1.057,3.382,7.9,7,74.6,773,0
V0436,275121.0,56.1,62.8,103.7,103.4,13.54,10.99,0.642,4.045,5.39,8,48.2,622,1
V0437,201627.0,53.2,110.5,85.5,110.2,13.54,11.95,1.68,4.536,10.26,7,296.8,788,0
V0438,41092.0,54.2,98.9,91.7,97.7,12.72,9.99,1.158,4.545,5.39,9,56.9,547,1
V0439,316871.0,43.0,129.2,92.7,99.5,12.82,12.06,1.519,0.804,9.64,8,270.6,702,0
V0440,303623.0,35.8,98.6,84.1,119.1,14.5,10.78,1.623,1.324,7.01,4,79.6,337,0
V0441,280344.0,36.4,118.2,91.6,93.2,13.29,12.52,0.922,4.793,7.0,3,56.1,751,1
V0442,91966.0,28.0,100.3,92.0,128.0,11.94,12.4,1.62,6.809,8.59,4,123.2,824,1
V0443,75517.0,48.6,108.9,101.1,99.2,14.26,13.5,0.571,4.853,9.59,5,208.3,173,0
V0444,261542.0,45.1,119.5,101.7,109.5,13.57,12.78,1.219,0.666,8.33,3,261.7,779,0
V0445,12983.0,41.2,99.1,89.4,115.0,13.75,11.76,0.25,2.221,9.22,10,326.7,505,0
V0446,342832.0,13.5,123.9,90.3,111.4,13.32,12.75,0.906,3.919,7.54,4,60.1,632,0
V0447,135115.0,32.3,90.1,97.3,113.1,13.21,10.98,0.469,3.888,7.99,8,250.3,484,0
V0448,253163.0,58.3,112.0,87.3,92.5,13.3,11.33,0.207,0.887,6.94,5,311.8,212,0
V0449,311212.0,38.7,122.7,96.7,115.1,12.57,12.37,0.106,3.243,9.45,3,131.8,788,0
V0450,141147.0,50.0,118.2,91.3,95.5,13.35,10.37,0.652,1.143,6.89,10,41.1,134,0
V0451,115101.0,30.7,139.6,84.2,106.6,13.58,12.07,1.102,2.719,10.38,5,70.8,656,0
V0452,215016.0,61.8,94.0,84.3,106.6,14.5,11.28,0.874,1.579,7.49,5,45.7,206,0
V0453,205441.0,44.4,83.6,103.6,108.9,13.45,12.18,0.613,0.739,8.03,7,356.0,639,0
V0454,146153.0,49.2,90.1,90.7,107.4,12.0,11.24,1.785,0.86,9.21,6,156.9,367,0
V0455,212612.0,71.6,118.2,105.1,95.6,13.34,12.44,1.697,4.599,8.04,8,214.1,227,0
V0456,327707.0,62.7,115.5,87.9,90.5,14.5,12.12,0.314,3.851,7.52,5,309.8,227,0
V0457,166336.0,42.6,108.7,94.3,112.7,13.92,13.22,0.806,4.693,7.95,1,154.9,289,0
V0458,72876.0,39.5,87.9,111.1,105.9,12.91,12.11,1.203,2.615,9.43,2,263.2,725,0
V0459,135136.0,42.4,120.0,83.5,115.5,13.75,11.49,1.347,2.36,6.94,3,39.9,627,0
V0460,140967.0,51.6,86.2,76.8,103.6,12.95,11.9,0.723,2.113,7.8,6,197.6,553,0
V0461,50232.0,44.8,126.7,102.3,107.0,12.06,10.49,1.369,5.345,6.95,5,47.6,666,0
V0462,61191.0,41.7,155.6,85.4,113.7,13.19,12.42,0.311,2.082,9.38,3,106.8,362,0
V0463,241174.0,62.1,113.2,91.8,100.3,13.45,12.57,0.664,3.858,7.84,7,124.4,726,0
V0464,122120.0,44.7,116.9,87.3,107.4,12.28,13.5,1.318,4.106,10.89,9,289.9,255,0
V0465,334440.0,71.3,98.6,94.1,97.5,12.71,11.6,1.164,4.441,7.75,6,272.9,757,0
V0466,89041.0,47.0,76.2,84.4,120.4,13.41,11.89,1.523,1.593,7.62,6,301.4,335,0
V0467,39129.0,65.6,96.8,90.6,95.2,13.16,11.64,0.18,2.872,7.73,4,34.1,306,0
V0468,264959.0,49.9,88.4,95.6,100.6,13.64,12.27,0.396,1.506,5.89,5,397.6,407,0
V0469,308957.0,56.6,82.4,83.9,105.1,12.67,12.41,0.182,0.669,6.34,3,31.2,611,0
V0470,100949.0,38.0,136.3,86.4,93.1,13.83,12.06,0.427,3.685,7.15,1,332.0,585,0
V0471,74720.0,36.6,111.6,89.2,107.3,12.69,12.97,0.107,2.97,9.82,6,298.7,625,0
V0472,69089.0,51.1,113.5,80.6,120.1,14.39,11.61,0.957,3.758,7.95,6,240.8,117,0
V0473,185094.0,56.9,101.7,88.6,99.1,12.37,12.89,0.998,0.894,7.22,7,181.2,170,0
V0474,166604.0,46.4,104.1,93.0,108.0,12.74,12.53,1.218,4.98,9.96,5,305.3,686,0
V0475,94507.0,31.8,123.4,88.8,85.0,13.65,12.09,0.754,4.975,10.48,10,298.5,785,0
V0476,20585.0,31.0,106.5,89.8,103.6,14.4,11.85,0.105,2.592,10.01,7,63.5,145,0
V0477,171115.0,30.3,116.0,91.8,100.9,13.59,13.5,1.246,4.397,6.64,5,319.1,728,0
V0478,335970.0,26.6,103.7,86.8,95.8,13.74,11.45,0.192,1.596,7.21,4,40.6,246,0
V0479,230119.0,47.2,101.2,97.5,114.8,13.41,12.34,1.572,3.819,10.9,5,205.2,784,0
V0480,261430.0,58.4,83.1,117.4,113.6,11.68,10.23,1.312,6.865,6.64,6,332.3,1054,1
V0481,43189.0,45.9,73.4,88.3,102.2,13.11,13.5,1.002,4.166,7.57,7,330.5,527,0
V0482,92091.0,21.1,102.6,95.9,100.2,12.67,12.81,1.621,4.153,9.15,4,190.6,192,0
V0483,106697.0,43.9,108.0,90.1,85.0,12.63,11.56,1.073,2.584,9.61,8,102.4,641,0
V0484,268857.0,44.2,85.1,94.9,92.7,13.64,12.51,1.134,4.19,7.09,4,201.4,125,0
V0485,307465.0,69.1,106.4,104.5,113.6,12.73,12.31,1.259,3.608,8.35,2,107.6,300,0
V0486,316066.0,30.0,107.9,96.1,85.0,13.59,11.69,0.308,1.096,9.48,5,216.2,528,0
V0487,344676.0,41.7,70.3,77.8,96.3,12.62,12.71,1.247,1.014,6.14,5,190.4,100,0
V0488,343917.0,64.8,91.4,95.6,100.0,13.58,12.41,1.597,3.974,8.02,3,314.4,344,0
V0489,333785.0,50.9,113.9,101.9,121.4,13.11,12.27,1.756,3.315,6.22,8,103.6,647,0
V0490,29779.0,52.2,113.6,90.2,111.7,14.24,12.07,0.853,2.837,6.43,4,88.0,118,0
V0491,52539.0,47.3,87.4,100.0,98.4,13.59,12.44,0.686,4.583,7.1,5,194.9,325,0
V0492,110041.0,49.6,109.7,86.5,117.0,14.14,12.28,1.381,3.468,8.76,5,29.7,52,0
V0493,195750.0,54.6,124.4,80.1,96.6,12.95,12.15,1.023,2.283,7.48,4,99.4,543,0
V0494,38457.0,37.1,120.2,93.1,114.1,13.43,11.59,0.537,2.363,6.96,5,147.9,109,0
V0495,296800.0,55.7,105.4,77.9,90.4,12.81,13.46,0.393,3.224,8.08,4,200.2,260,0
V0496,217781.0,30.9,99.0,90.1,114.7,13.15,11.26,0.389,3.921,6.16,11,115.1,442,0
V0497,192116.0,49.6,96.3,102.3,99.9,13.24,12.44,0.881,3.04,8.69,3,228.6,210,0
V0498,62032.0,48.0,115.0,76.7,93.7,12.96,11.84,0.389,2.789,9.81,8,352.6,223,0
V0499,92373.0,39.2,110.3,81.8,101.8,12.67,13.5,0.134,3.771,7.87,4,222.1,676,0
V0500,60308.0,45.8,117.7,83.7,106.8,12.55,11.38,0.189,3.674,7.68,5,121.9,633,0
V0501,298917.0,39.2,109.2,91.5,99.1,12.0,11.51,1.681,4.237,8.6,7,34.2,110,0
V0502,206559.0,34.2,120.9,89.1,109.5,12.77,11.32,0.224,0.781,4.75,7,63.3,693,0
V0503,258620.0,42.1,108.6,103.2,98.2,13.78,12.36,0.224,3.897,8.86,9,228.9,401,0
V0504,107131.0,33.9,120.3,99.6,122.9,12.44,9.91,1.163,3.607,12.0,4,330.5,328,1
V0505,133082.0,49.6,121.8,96.0,108.4,12.58,11.72,0.517,0.836,7.8,5,29.4,730,0
V0506,144675.0,33.3,93.3,93.2,103.4,14.47,10.38,1.737,3.556,7.81,10,82.4,302,0
V0507,267205.0,53.8,76.3,95.1,99.6,13.02,12.29,1.649,3.724,9.19,4,134.4,294,0
V0508,271462.0,33.0,133.2,85.1,105.5,13.59,11.7,0.788,2.856,10.63,5,134.7,159,0
V0509,76351.0,39.8,111.4,98.9,109.5,13.79,10.91,0.863,4.072,9.56,3,383.8,714,0
V0510,329831.0,39.1,77.9,83.1,124.6,13.8,12.97,0.738,1.851,4.55,3,89.5,265,0
V0511,46626.0,60.6,94.9,98.7,113.4,12.49,11.05,0.164,1.409,8.9,6,34.4,494,0
V0512,314162.0,49.6,120.1,101.5,113.8,13.26,12.74,0.598,2.078,12.0,4,147.7,229,0
V0513,39636.0,43.7,102.2,93.7,134.9,12.43,11.54,0.309,2.345,9.0,5,62.4,721,0
V0514,96266.0,51.5,98.3,90.6,109.2,14.5,13.38,0.274,3.632,6.15,5,59.4,640,0
V0515,297035.0,22.8,130.8,95.2,108.8,12.44,12.7,1.053,4.305,8.45,7,168.9,427,0
V0516,66925.0,45.5,89.2,70.0,111.0,12.77,11.29,0.268,3.744,5.95,8,129.5,309,0
V0517,147681.0,68.0,93.4,94.4,103.4,11.31,11.37,0.6,3.561,8.01,9,137.0,828,1
V0518,160201.0,47.5,110.6,91.1,99.6,12.5,12.58,0.917,2.148,6.47,6,245.7,421,0
V0519,89614.0,46.7,113.6,91.6,103.1,14.21,10.13,1.923,1.213,8.12,8,311.6,941,1
V0520,250035.0,52.0,115.4,97.7,110.5,14.5,11.96,0.334,3.59,6.63,4,40.1,555,0
V0521,298710.0,55.9,122.5,91.4,102.3,13.11,13.12,0.108,1.617,7.13,2,346.5,70,0
V0522,306728.0,24.0,110.4,82.9,105.4,12.61,11.5,0.428,2.864,10.38,9,121.0,666,0
V0523,122066.0,27.5,115.3,90.9,114.9,12.06,12.17,0.501,4.063,8.17,5,384.9,194,0
V0524,188143.0,48.3,102.6,105.5,119.1,12.68,12.14,1.46,3.519,6.34,11,455.3,532,1
V0525,90700.0,38.1,108.1,92.9,102.4,13.21,12.75,1.656,1.843,6.17,4,179.3,377,0
V0526,89455.0,60.4,108.8,93.3,97.3,13.01,11.97,0.79,1.998,5.01,9,99.1,206,0
V0527,60633.0,42.5,110.7,100.3,115.4,13.53,11.87,0.789,3.44,6.0,5,335.6,756,0
V0528,329307.0,24.7,120.1,83.3,111.7,13.64,10.71,1.311,2.973,8.18,6,150.9,783,0
V0529,311356.0,32.1,116.4,93.4,87.9,13.59,11.26,1.166,0.934,9.57,1,73.8,166,0
V0530,317847.0,15.8,107.8,102.3,100.9,12.21,12.35,1.049,5.559,7.1,8,306.4,371,1
V0531,183593.0,43.4,93.2,78.1,105.7,12.74,11.99,0.283,2.807,10.51,7,200.9,328,0
V0532,174260.0,43.9,108.2,93.4,111.8,13.8,12.16,0.844,2.63,6.85,7,341.5,553,0
V0533,187762.0,41.3,106.5,87.3,113.1,13.41,12.93,1.06,1.393,7.62,6,294.4,498,0
V0534,190116.0,57.9,110.3,89.0,106.8,13.93,11.15,0.336,2.196,6.27,6,351.7,558,0
V0535,154924.0,59.2,144.5,84.8,109.9,13.87,11.91,0.599,1.998,9.59,6,296.5,73,0
V0536,50455.0,44.1,98.1,90.6,104.6,12.55,12.25,0.62,1.718,11.36,6,260.4,435,0
V0537,48354.0,22.5,114.2,106.7,97.3,12.54,11.54,0.544,3.053,5.18,6,205.1,208,0
V0538,333526.0,52.8,125.2,81.9,101.4,12.95,13.25,0.883,2.58,7.45,8,395.1,221,0
V0539,171301.0,52.1,108.7,82.6,104.2,12.77,12.83,1.21,4.501,10.02,2,384.1,631,0
V0540,333856.0,49.4,146.7,81.6,103.7,13.85,12.33,0.966,4.736,5.68,11,341.1,156,0
V0541,61434.0,56.8,100.6,105.8,85.1,13.61,13.5,0.442,1.488,8.91,2,312.4,73,0
V0542,225259.0,33.2,112.5,96.3,105.6,13.45,9.88,1.124,1.495,7.8,9,235.2,564,1
V0543,76662.0,68.1,93.4,91.8,104.6,13.64,12.09,1.497,4.034,8.13,8,111.3,601,0
V0544,92349.0,35.4,101.0,88.8,101.2,13.53,12.39,0.915,4.977,8.88,9,351.4,433,0
V0545,15369.0,54.2,111.2,84.4,101.5,14.12,11.37,0.206,4.386,10.82,10,14.2,171,0
V0546,78716.0,27.4,121.4,90.1,122.0,12.21,12.34,1.674,2.122,9.92,13,164.8,725,1
V0547,321313.0,35.8,112.4,111.7,93.2,13.44,11.21,1.467,1.631,7.9,1,167.5,336,0
V0548,115929.0,62.7,128.4,103.1,87.7,14.29,12.65,1.378,0.695,7.15,6,238.6,582,0
V0549,214805.0,43.1,105.4,85.2,100.5,13.47,12.95,1.589,4.194,6.53,5,228.7,201,0
V0550,165430.0,55.2,101.4,97.2,111.6,13.22,12.32,1.124,3.116,9.56,7,78.6,734,0
V0551,143156.0,48.6,153.0,85.3,120.9,12.9,10.62,0.819,2.812,5.81,7,50.9,262,0
V0552,188501.0,44.8,113.7,77.8,111.8,13.82,11.33,0.825,2.995,7.6,7,96.7,778,1
V0553,69597.0,61.0,94.8,100.2,89.3,14.14,12.55,0.43,1.636,8.16,2,146.0,332,0
V0554,387120.0,43.4,95.2,104.9,107.6,13.37,11.11,1.506,4.279,5.31,11,15.5,659,1
V0555,287316.0,26.4,91.0,100.4,106.6,14.18,9.94,1.095,0.638,8.45,5,280.1,426,0
V0556,260857.0,37.2,122.9,88.2,105.8,12.22,13.09,0.363,3.407,12.0,5,106.6,107,0
V0557,166722.0,52.1,100.8,90.7,109.4,13.37,12.21,1.606,3.805,7.81,8,147.0,123,0
V0558,57743.0,50.4,109.2,98.0,94.8,13.38,11.44,0.726,3.529,7.3,5,140.6,353,0
V0559,322630.0,28.8,105.9,95.1,104.6,12.96,12.9,0.185,1.995,9.62,3,209.6,194,0
V0560,122779.0,38.0,119.4,88.9,108.2,14.5,11.56,0.657,4.218,8.38,7,345.3,506,0
V0561,22287.0,39.6,92.6,79.0,117.5,13.36,10.14,2.022,4.8,10.3,10,205.4,153,1
V0562,187250.0,42.0,88.7,92.9,105.3,12.84,11.18,2.719,3.432,6.24,5,199.5,492,1
V0563,279088.0,30.9,110.8,100.6,100.5,13.42,13.5,0.934,1.378,7.6,5,279.9,203,0
V0564,219835.0,39.1,117.2,82.4,85.0,12.2,13.4,1.726,3.367,5.15,5,27.3,186,0
V0565,310733.0,38.0,112.7,104.4,105.3,12.41,12.39,2.569,2.608,4.13,9,438.1,325,1
V0566,278804.0,54.5,93.2,98.2,104.8,13.44,12.47,1.503,1.037,3.49,20,528.9,487,1
V0567,78124.0,54.9,118.5,98.0,93.8,13.02,12.73,1.562,1.197,8.61,5,247.0,349,0
V0568,323705.0,44.4,94.4,99.0,105.7,12.9,11.09,0.749,1.245,5.82,1,383.0,312,0
V0569,228621.0,41.7,98.1,100.4,109.5,13.78,12.08,1.9,2.65,9.39,11,264.7,415,1
V0570,225460.0,47.5,91.0,79.1,85.0,14.2,11.51,1.081,3.233,8.05,6,171.9,304,0
V0571,5797.0,37.0,129.1,87.7,106.2,13.71,12.35,1.323,1.294,7.61,7,51.4,352,0
V0572,347712.0,33.4,117.8,99.1,94.7,13.13,11.92,0.402,3.706,6.65,9,23.8,675,0
V0573,101909.0,35.7,117.3,87.7,108.9,13.26,12.5,1.343,1.765,9.0,7,105.4,483,0
V0574,26412.0,39.0,128.2,86.4,91.2,12.92,12.19,1.728,1.902,6.71,6,196.5,366,0
V0575,163100.0,33.2,154.8,77.4,104.3,12.8,9.64,0.615,1.506,6.42,6,208.0,612,0
V0576,49515.0,47.8,77.9,106.0,101.2,12.77,12.24,1.776,4.033,9.9,8,94.9,445,0
V0577,169864.0,54.0,94.4,98.6,114.6,13.03,11.73,1.888,6.996,7.72,11,396.2,761,1
V0578,223138.0,28.5,96.5,98.2,105.2,12.78,12.46,0.44,2.716,7.62,8,80.7,472,0
V0579,140560.0,46.3,92.5,99.7,101.4,12.46,12.02,0.291,0.689,9.03,7,137.2,212,1
V0580,323039.0,43.6,88.7,96.6,88.6,13.53,13.41,1.434,1.673,8.01,8,86.3,472,0
V0581,115109.0,49.8,101.9,90.0,89.2,13.54,12.35,1.043,1.211,8.61,7,281.7,630,0
V0582,255532.0,45.9,86.3,90.7,98.2,14.42,12.45,0.622,4.292,6.69,10,211.5,209,0
V0583,247576.0,30.0,112.7,98.0,115.4,13.0,11.57,1.678,0.882,11.31,13,364.3,479,1
V0584,232683.0,32.1,107.9,113.1,97.9,13.58,12.39,0.665,4.849,7.07,8,32.3,499,0
V0585,211895.0,46.3,115.2,96.4,110.3,13.59,11.38,0.862,3.148,10.49,9,175.9,713,0
V0586,168110.0,57.3,115.6,88.3,101.2,13.25,10.15,1.567,2.83,7.7,6,387.1,300,0
V0587,332771.0,21.6,117.3,95.7,109.0,13.22,10.91,2.151,6.081,8.03,14,30.9,430,1
V0588,123236.0,49.8,100.7,83.9,101.2,13.87,12.71,1.396,0.624,9.17,2,173.2,541,0
V0589,66146.0,59.1,143.1,104.0,106.3,13.6,11.82,1.092,3.997,9.83,6,25.8,547,0
V0590,238942.0,44.3,111.0,86.7,123.2,11.93,12.74,2.868,2.638,6.08,14,134.5,159,0
V0591,296873.0,52.1,75.3,96.0,122.8,13.19,12.22,0.51,4.284,9.72,7,190.4,346,0
V0592,124634.0,38.3,90.0,108.5,111.8,11.73,12.19,0.546,5.23,10.12,11,71.4,795,1
V0593,160123.0,44.7,77.4,95.1,103.3,12.92,11.86,0.257,0.775,7.59,10,212.3,716,0
V0594,312908.0,28.2,107.3,92.8,108.3,13.03,12.47,1.042,4.25,8.06,4,369.9,629,0
V0595,263618.0,20.2,104.9,92.1,103.8,12.73,12.5,1.143,0.623,7.16,3,88.2,68,0
V0596,347174.0,56.4,99.0,91.5,99.0,13.66,13.3,1.334,1.123,7.45,8,51.8,362,0
V0597,188338.0,35.2,141.2,87.4,88.5,14.12,10.73,0.67,4.09,10.74,9,331.9,88,0
V0598,316226.0,41.0,116.3,95.0,98.9,11.55,10.14,0.526,3.451,6.39,10,339.2,558,1
V0599,109356.0,30.7,119.3,103.8,93.3,13.57,12.78,1.175,4.466,6.49,4,354.2,698,0
V0600,400000.0,30.5,91.2,94.4,103.4,12.06,11.43,2.579,4.269,8.64,18,188.2,441,1
